Method,Seeds,Runs,AccMean,AccStd,TimeMsMean,TimeMsStd,CommMBMean,CommMBStd,TotalCommMBMean,E_m,k_m,ComparisonScope
2Cloud-D,"42,52,62",3,0.782051282051282,0.06821729696728449,2.5847900641025636,0.15862826390026472,1.3403396606445312,0.0,139.39532470703125,1,1,same_cnn_prediction_behavior_formula_based_system_projection
ASS (Ours),"42,52,62",3,0.782051282051282,0.06821729696728449,3.0409294871794876,0.18662148694148786,8.855003356933594,0.0,920.9203491210938,0,2,same_cnn_prediction_behavior_formula_based_system_projection
Cheetah,"42,52,62",3,0.782051282051282,0.06821729696728449,4.105254807692308,0.2519390073710088,155.47607421875,0.0,16169.51171875,1,1,same_cnn_prediction_behavior_formula_based_system_projection
Delphi,"42,52,62",3,0.782051282051282,0.06821729696728449,8786.400929487181,0.18662148694135539,859.0903396606445,0.0,89345.39532470703,1,1,same_cnn_prediction_behavior_formula_based_system_projection
Sonic,"42,52,62",3,0.782051282051282,0.06821729696728449,156.7497294871795,0.18662148694148442,26.532889131456614,0.0,2759.420469671488,0,2,same_cnn_prediction_behavior_formula_based_system_projection
